file,rows,min_timestamp,max_timestamp,distinct_dates
events_part_0000.jsonl,360,2025-07-03T00:08:00Z,2025-08-31T16:32:00Z,60
events_part_0001.jsonl,360,2025-07-03T02:38:00Z,2025-08-31T23:51:00Z,60
events_part_0002.jsonl,360,2025-07-03T14:16:00Z,2025-08-31T20:47:00Z,60
events_part_0003.jsonl,360,2025-07-03T00:48:00Z,2025-08-31T23:51:00Z,60
events_part_0004.jsonl,360,2025-07-03T10:43:00Z,2025-08-31T20:40:00Z,60
events_part_0005.jsonl,360,2025-07-03T01:42:00Z,2025-08-31T23:56:00Z,60
events_part_0006.jsonl,360,2025-07-03T07:13:00Z,2025-08-31T21:21:00Z,59
events_part_0007.jsonl,360,2025-07-03T01:43:00Z,2025-08-31T20:28:00Z,60
events_part_0008.jsonl,360,2025-07-03T04:36:00Z,2025-08-31T21:34:00Z,60
events_part_0009.jsonl,360,2025-07-03T07:09:00Z,2025-08-31T19:00:00Z,60
events_part_0010.jsonl,360,2025-07-03T11:35:00Z,2025-08-31T17:43:00Z,60
events_part_0011.jsonl,360,2025-07-03T03:56:00Z,2025-08-31T15:58:00Z,60
events_part_0012.jsonl,360,2025-07-03T01:06:00Z,2025-08-31T23:00:00Z,59
events_part_0013.jsonl,360,2025-07-03T05:52:00Z,2025-08-31T21:59:00Z,60
events_part_0014.jsonl,360,2025-07-03T08:13:00Z,2025-08-31T23:48:00Z,60
events_part_0015.jsonl,360,2025-07-03T00:02:00Z,2025-08-31T22:08:00Z,60
events_part_0016.jsonl,360,2025-07-03T07:57:00Z,2025-08-31T23:22:00Z,60
events_part_0017.jsonl,360,2025-07-03T00:11:00Z,2025-08-31T22:05:00Z,60
events_part_0018.jsonl,360,2025-07-03T02:49:00Z,2025-08-31T23:51:00Z,60
events_part_0019.jsonl,360,2025-07-03T01:31:00Z,2025-08-31T23:35:00Z,60
events_part_0020.jsonl,360,2025-07-03T01:08:00Z,2025-08-31T23:26:00Z,60
events_part_0021.jsonl,360,2025-07-03T00:36:00Z,2025-08-31T23:35:00Z,60
events_part_0022.jsonl,360,2025-07-03T00:29:00Z,2025-08-31T17:32:00Z,60
events_part_0023.jsonl,360,2025-07-03T06:40:00Z,2025-08-31T21:54:00Z,60
events_part_0024.jsonl,360,2025-07-03T13:26:00Z,2025-08-31T21:27:00Z,60
events_part_0025.jsonl,360,2025-07-03T03:56:00Z,2025-08-31T23:15:00Z,60
events_part_0026.jsonl,360,2025-07-03T03:02:00Z,2025-08-31T22:01:00Z,60
events_part_0027.jsonl,360,2025-07-03T01:15:00Z,2025-08-31T12:38:00Z,60
events_part_0028.jsonl,360,2025-07-03T00:52:00Z,2025-08-31T21:00:00Z,60
events_part_0029.jsonl,360,2025-07-03T02:51:00Z,2025-08-31T23:20:00Z,60
events_part_0030.jsonl,360,2025-07-03T04:38:00Z,2025-08-31T21:27:00Z,60
events_part_0031.jsonl,360,2025-07-03T03:06:00Z,2025-08-31T19:10:00Z,60
events_part_0032.jsonl,360,2025-07-03T02:18:00Z,2025-08-31T23:44:00Z,60
events_part_0033.jsonl,360,2025-07-03T00:35:00Z,2025-08-31T19:17:00Z,60
events_part_0034.jsonl,360,2025-07-03T01:29:00Z,2025-08-31T19:01:00Z,60
events_part_0035.jsonl,360,2025-07-03T02:47:00Z,2025-08-31T20:07:00Z,60
events_part_0036.jsonl,360,2025-07-03T00:48:00Z,2025-08-31T23:33:00Z,59
events_part_0037.jsonl,360,2025-07-03T05:20:00Z,2025-08-31T21:26:00Z,60
events_part_0038.jsonl,360,2025-07-03T20:31:00Z,2025-08-31T20:34:00Z,59
events_part_0039.jsonl,360,2025-07-03T08:06:00Z,2025-08-31T19:41:00Z,60
events_part_0040.jsonl,360,2025-07-03T01:57:00Z,2025-08-31T21:48:00Z,60
events_part_0041.jsonl,360,2025-07-03T01:17:00Z,2025-08-31T23:46:00Z,59
events_part_0042.jsonl,360,2025-07-03T01:53:00Z,2025-08-31T21:32:00Z,60
events_part_0043.jsonl,360,2025-07-03T01:20:00Z,2025-08-31T13:04:00Z,59
events_part_0044.jsonl,360,2025-07-03T01:36:00Z,2025-08-31T22:09:00Z,60
events_part_0045.jsonl,360,2025-07-03T01:46:00Z,2025-08-31T23:01:00Z,60
events_part_0046.jsonl,360,2025-07-03T00:39:00Z,2025-08-31T20:34:00Z,60
events_part_0047.jsonl,360,2025-07-03T01:25:00Z,2025-08-31T21:02:00Z,60
events_part_0048.jsonl,360,2025-07-03T05:13:00Z,2025-08-31T21:12:00Z,60
events_part_0049.jsonl,360,2025-07-03T00:10:00Z,2025-08-31T09:35:00Z,60
events_part_0050.jsonl,360,2025-07-03T00:06:00Z,2025-08-31T23:35:00Z,60
events_part_0051.jsonl,360,2025-07-03T02:16:00Z,2025-08-31T21:58:00Z,59
events_part_0052.jsonl,360,2025-07-03T04:13:00Z,2025-08-31T16:02:00Z,59
events_part_0053.jsonl,360,2025-07-03T01:09:00Z,2025-08-31T21:31:00Z,60
events_part_0054.jsonl,360,2025-07-03T01:09:00Z,2025-08-31T21:14:00Z,60
events_part_0055.jsonl,360,2025-07-03T02:12:00Z,2025-08-31T22:45:00Z,60
events_part_0056.jsonl,360,2025-07-03T02:28:00Z,2025-08-31T23:18:00Z,59
events_part_0057.jsonl,360,2025-07-03T05:02:00Z,2025-08-31T21:54:00Z,60
events_part_0058.jsonl,360,2025-07-03T11:18:00Z,2025-08-31T23:37:00Z,60
events_part_0059.jsonl,360,2025-07-03T01:24:00Z,2025-08-31T21:42:00Z,60
events_part_0060.jsonl,360,2025-07-03T02:37:00Z,2025-08-31T14:34:00Z,60
events_part_0061.jsonl,360,2025-07-03T16:31:00Z,2025-08-31T20:20:00Z,60
events_part_0062.jsonl,360,2025-07-03T00:05:00Z,2025-08-31T21:21:00Z,59
events_part_0063.jsonl,360,2025-07-03T05:09:00Z,2025-08-31T18:30:00Z,60
events_part_0064.jsonl,360,2025-07-03T00:22:00Z,2025-08-31T22:54:00Z,60
events_part_0065.jsonl,360,2025-07-03T00:50:00Z,2025-08-31T22:53:00Z,60
events_part_0066.jsonl,360,2025-07-03T00:35:00Z,2025-08-31T21:53:00Z,59
events_part_0067.jsonl,360,2025-07-03T01:56:00Z,2025-08-31T21:40:00Z,60
events_part_0068.jsonl,360,2025-07-03T01:03:00Z,2025-08-31T20:36:00Z,60
events_part_0069.jsonl,360,2025-07-03T05:30:00Z,2025-08-31T23:30:00Z,59
events_part_0070.jsonl,360,2025-07-03T02:43:00Z,2025-08-31T23:35:00Z,60
events_part_0071.jsonl,360,2025-07-03T00:59:00Z,2025-08-31T23:44:00Z,60
events_part_0072.jsonl,360,2025-07-03T04:07:00Z,2025-08-31T22:04:00Z,60
events_part_0073.jsonl,360,2025-07-03T01:22:00Z,2025-08-31T20:40:00Z,60
events_part_0074.jsonl,360,2025-07-03T01:23:00Z,2025-08-31T22:27:00Z,60
events_part_0075.jsonl,360,2025-07-03T00:48:00Z,2025-08-31T23:15:00Z,60
events_part_0076.jsonl,360,2025-07-03T00:17:00Z,2025-08-31T13:25:00Z,60
events_part_0077.jsonl,360,2025-07-03T02:00:00Z,2025-08-31T21:34:00Z,60
events_part_0078.jsonl,360,2025-07-03T01:09:00Z,2025-08-31T19:50:00Z,60
events_part_0079.jsonl,360,2025-07-03T01:40:00Z,2025-08-31T20:44:00Z,60
events_part_0080.jsonl,360,2025-07-03T02:42:00Z,2025-08-31T15:58:00Z,60
events_part_0081.jsonl,360,2025-07-03T00:33:00Z,2025-08-31T17:46:00Z,60
events_part_0082.jsonl,360,2025-07-03T00:34:00Z,2025-08-31T15:18:00Z,60
events_part_0083.jsonl,360,2025-07-03T01:31:00Z,2025-08-31T19:45:00Z,60
events_part_0084.jsonl,360,2025-07-03T01:59:00Z,2025-08-31T22:22:00Z,60
events_part_0085.jsonl,360,2025-07-03T19:42:00Z,2025-08-31T22:55:00Z,60
events_part_0086.jsonl,360,2025-07-03T03:48:00Z,2025-08-31T19:08:00Z,60
events_part_0087.jsonl,360,2025-07-03T05:47:00Z,2025-08-31T14:20:00Z,59
events_part_0088.jsonl,360,2025-07-03T06:40:00Z,2025-08-31T23:07:00Z,59
events_part_0089.jsonl,360,2025-07-03T09:47:00Z,2025-08-31T23:42:00Z,60
events_part_0090.jsonl,360,2025-07-03T02:13:00Z,2025-08-31T10:28:00Z,60
events_part_0091.jsonl,360,2025-07-03T12:02:00Z,2025-08-31T23:47:00Z,60
events_part_0092.jsonl,360,2025-07-03T02:43:00Z,2025-08-31T22:14:00Z,60
events_part_0093.jsonl,360,2025-07-03T02:34:00Z,2025-08-31T22:58:00Z,60
events_part_0094.jsonl,360,2025-07-03T01:19:00Z,2025-08-31T22:02:00Z,59
events_part_0095.jsonl,360,2025-07-03T12:15:00Z,2025-08-31T11:38:00Z,60
events_part_0096.jsonl,360,2025-07-03T01:00:00Z,2025-08-31T15:20:00Z,60
events_part_0097.jsonl,360,2025-07-03T04:58:00Z,2025-08-31T17:09:00Z,60
events_part_0098.jsonl,360,2025-07-03T07:23:00Z,2025-08-31T23:50:00Z,59
events_part_0099.jsonl,360,2025-07-03T00:17:00Z,2025-08-31T23:41:00Z,60
events_part_0100.jsonl,360,2025-07-03T02:29:00Z,2025-08-31T22:45:00Z,59
events_part_0101.jsonl,360,2025-07-03T00:45:00Z,2025-08-31T21:38:00Z,60
events_part_0102.jsonl,360,2025-07-03T00:11:00Z,2025-08-31T21:29:00Z,60
events_part_0103.jsonl,360,2025-07-03T02:57:00Z,2025-08-31T09:45:00Z,60
events_part_0104.jsonl,360,2025-07-03T05:32:00Z,2025-08-31T15:15:00Z,60
events_part_0105.jsonl,360,2025-07-03T00:33:00Z,2025-08-31T23:58:00Z,60
events_part_0106.jsonl,360,2025-07-03T11:34:00Z,2025-08-31T21:23:00Z,60
events_part_0107.jsonl,360,2025-07-03T03:22:00Z,2025-08-31T10:33:00Z,60
events_part_0108.jsonl,360,2025-07-03T00:11:00Z,2025-08-31T22:51:00Z,59
events_part_0109.jsonl,360,2025-07-03T03:36:00Z,2025-08-31T23:36:00Z,60
events_part_0110.jsonl,360,2025-07-03T07:30:00Z,2025-08-31T23:19:00Z,60
events_part_0111.jsonl,360,2025-07-03T00:43:00Z,2025-08-31T21:53:00Z,59
events_part_0112.jsonl,360,2025-07-03T14:36:00Z,2025-08-31T15:36:00Z,60
events_part_0113.jsonl,360,2025-07-03T08:00:00Z,2025-08-31T18:23:00Z,60
events_part_0114.jsonl,360,2025-07-03T10:27:00Z,2025-08-31T16:06:00Z,59
events_part_0115.jsonl,360,2025-07-03T05:07:00Z,2025-08-31T21:04:00Z,60
events_part_0116.jsonl,360,2025-07-03T03:56:00Z,2025-08-31T21:52:00Z,60
events_part_0117.jsonl,360,2025-07-03T01:03:00Z,2025-08-31T21:52:00Z,60
events_part_0118.jsonl,360,2025-07-03T02:32:00Z,2025-08-31T04:48:00Z,60
events_part_0119.jsonl,360,2025-07-03T00:26:00Z,2025-08-31T17:24:00Z,60
