source,rule,count,total,percent,treatment
customers_orgs,duplicate_key,0,80,0.0,dedupe
users,duplicate_key,0,800,0.0,dedupe
users,orphan_org,0,800,0.0,quarantine
resources,duplicate_key,0,400,0.0,dedupe
resources,orphan_org,0,400,0.0,quarantine
support_tickets,duplicate_key,0,1000,0.0,dedupe
support_tickets,orphan_org,0,1000,0.0,quarantine
marketing_touches,duplicate_key,0,1500,0.0,dedupe
marketing_touches,orphan_org,0,1500,0.0,quarantine
nps_surveys,duplicate_key,0,92,0.0,dedupe
nps_surveys,orphan_org,0,92,0.0,quarantine
billing_monthly,duplicate_key,0,240,0.0,dedupe
billing_monthly,orphan_org,0,240,0.0,quarantine
usage_events,duplicate_event_id,0,43200,0.0,dedupe
usage_events,value_string,1309,43200,3.03,cast_controlado
usage_events,value_null,877,43200,2.03,conservar_nulo_y_contar
usage_events,value_invalid_cast,0,43200,0.0,quarantine_metrica
usage_events,unit_null,2075,43200,4.803,inferir_desde_metric_con_flag
usage_events,negative_cost,216,43200,0.5,flag_sin_borrar
usage_events,cost_gt_100_usd,48,43200,0.111,indicador_exploratorio_no_umbral_final
usage_events,orphan_org,0,43200,0.0,quarantine
usage_events,orphan_resource,0,43200,0.0,quarantine
usage_events,resource_org_mismatch,0,43200,0.0,quarantine
usage_events,resource_service_mismatch,0,43200,0.0,flag
resources,invalid_nonempty_tags_json,0,317,0.0,validar_parser_csv_antes_de_reparar
resources,tags_null,83,400,20.75,preservar_ausencia
billing_monthly,negative_subtotal,13,240,5.417,flag_pendiente_regla_negocio
billing_monthly,credits_null,137,240,57.083,cero_con_flag_supuesto
billing_monthly,usd_fx_not_one,160,240,66.667,fx_efectivo_uno_con_flag
users,login_before_created,232,800,29.0,flag
customers_orgs,nps_null,11,80,13.75,conservar_nulo
customers_orgs,nps_outside_minus100_100,1,80,1.25,flag_escala_a_confirmar
nps_surveys,nps_null,19,92,20.652,conservar_nulo
nps_surveys,nps_outside_minus100_100,0,92,0.0,flag_escala_a_confirmar
support_tickets,open_ticket,240,1000,24.0,estado_valido
support_tickets,csat_null,254,1000,25.4,denominador_solo_validos
support_tickets,csat_outside_1_5,40,1000,4.0,flag_escala_a_confirmar
